dominant_class,n_cells,mae_pp,mae_std_pp,aitchison_mean,r2_uniform
tree_cover,14354,1.5680054051154035,2.486127273986159,7.3212263854507675,0.633534977467913
grassland,2240,4.885998843164627,4.667652535082489,8.52836378422955,0.33663888200390496
cropland,3129,4.66020111246855,5.032021767197974,8.542927037823445,0.08112535188111109
built_up,9948,2.50854192059488,2.579997226983669,8.085190062307971,0.46305120072623995
bare_sparse,28,13.812572578830157,6.90221612914222,10.645291702375854,-1.9565522725541513
water,247,5.116567835412371,4.524456194704367,9.327041123878049,0.2522522311453351
