model,group_dropped,r2,mae_pp,n_zeroed,n_remaining
MLP,none,0.8334160639364185,2.492450132250389,0,864
MLP,Bands,-1.4397210599288217,16.579800915695213,480,384
MLP,Indices,0.6060895890688249,6.4012205106908135,192,672
MLP,LBP,0.47369361403843535,7.607937959117844,66,798
LightGBM,none,0.8099165196362902,2.9846551283154996,0,438
LightGBM,Bands,-16.57825129857089,18.297980685725115,192,246
LightGBM,Indices,-0.9987013584112824,19.369848223600318,150,288
