season_dropped,r2,mae_pp,n_zeroed
none,0.8334160639364185,2.492450132250389,0
2020_autumn,-0.6531205764144551,15.18805919891644,144
2020_spring,-9.091090949458273,19.234600776557755,144
2020_summer,-0.5637738340435592,13.95477555919176,144
2021_autumn,0.3494639090847942,8.206919974606091,144
2021_spring,-0.000379237654174136,10.10267091255752,144
2021_summer,-1.805636674737296,12.10368699718831,144
