noise_sigma,r2,mae_pp
0.0,0.8334160639364185,2.492450132250389
0.1,0.8334752947957368,2.5073444532717177
0.25,0.829574595189714,2.591614267585474
0.5,0.8113094511185698,2.908606021848609
1.0,0.7188076441352869,4.229580129571897
2.0,-0.05910779244350339,9.023407350082579
